{"cameraMode":{"drawMode":0,"name":"Shaded","section":"Shading Mode"},"sceneLighting":true,"audioPlay":false,"sceneViewState":{"showFog":true,"showMaterialUpdate":false,"showSkybox":true,"showFlares":true,"showImageEffects":true,"showParticleSystems":true},"in2DMode":false,"pivot":{"x":-27.387584686279298,"y":12.14052963256836,"z":-95.50801086425781},"rotation":{"x":0.09453237056732178,"y":-0.4621005058288574,"z":0.04930726811289787,"w":0.8805420398712158},"size":243.51565551757813,"orthographic":false}